<?xml version="1.0" encoding="UTF-8"?>
<root>
  <item name="android.support.customtabs.CustomTabsService int postMessage(android.support.customtabs.CustomTabsSessionToken, java.lang.String, android.os.Bundle)">
    <annotation name="android.support.annotation.IntDef">
      <val name="value" val="{android.support.customtabs.CustomTabsService.RESULT_SUCCESS, android.support.customtabs.CustomTabsService.RESULT_FAILURE_DISALLOWED, android.support.customtabs.CustomTabsService.RESULT_FAILURE_REMOTE_ERROR, android.support.customtabs.CustomTabsService.RESULT_FAILURE_MESSAGING_ERROR}" />
    </annotation>
  </item>
  <item name="android.support.customtabs.CustomTabsService.Result">
    <annotation name="android.support.annotation.IntDef">
      <val name="value" val="{android.support.customtabs.CustomTabsService.RESULT_SUCCESS, android.support.customtabs.CustomTabsService.RESULT_FAILURE_DISALLOWED, android.support.customtabs.CustomTabsService.RESULT_FAILURE_REMOTE_ERROR, android.support.customtabs.CustomTabsService.RESULT_FAILURE_MESSAGING_ERROR}" />
    </annotation>
  </item>
  <item name="android.support.customtabs.CustomTabsSession int postMessage(java.lang.String, android.os.Bundle)">
    <annotation name="android.support.annotation.IntDef">
      <val name="value" val="{android.support.customtabs.CustomTabsService.RESULT_SUCCESS, android.support.customtabs.CustomTabsService.RESULT_FAILURE_DISALLOWED, android.support.customtabs.CustomTabsService.RESULT_FAILURE_REMOTE_ERROR, android.support.customtabs.CustomTabsService.RESULT_FAILURE_MESSAGING_ERROR}" />
    </annotation>
  </item>
</root>

